{
	"name": "indicater",
	"plugin-id": "Sprite",
	"sid": 854050344345255,
	"isGlobal": false,
	"instanceVariables": [
		{
			"name": "id",
			"type": "number",
			"desc": "",
			"show": true,
			"sid": 423801064669258
		}
	],
	"behaviorTypes": [],
	"effectTypes": [],
	"animations": {
		"items": [
			{
				"frames": [
					{
						"width": 88,
						"height": 66,
						"originX": 0.2159090909090909,
						"originY": 0.45454545454545453,
						"originalSource": "",
						"exportFormat": "lossless",
						"exportQuality": 0.8,
						"fileType": "image/png",
						"imageSpriteId": 7397120,
						"useCollisionPoly": true,
						"duration": 1,
						"tag": ""
					},
					{
						"width": 88,
						"height": 66,
						"originX": 0.2159090909090909,
						"originY": 0.45454545454545453,
						"originalSource": "",
						"exportFormat": "lossless",
						"exportQuality": 0.8,
						"fileType": "image/png",
						"imageSpriteId": 6058746,
						"useCollisionPoly": true,
						"duration": 1,
						"tag": ""
					}
				],
				"sid": 680941826290146,
				"name": "Animation 1",
				"isLooping": false,
				"isPingPong": false,
				"repeatCount": 1,
				"repeatTo": 0,
				"speed": 0
			}
		],
		"subfolders": []
	}
}