{
	"name": "Tilemap",
	"plugin-id": "Tilemap",
	"sid": 723956035242116,
	"isGlobal": false,
	"instanceVariables": [],
	"behaviorTypes": [],
	"effectTypes": [],
	"image": {
		"width": 80,
		"height": 48,
		"originX": 0.5,
		"originY": 0.5,
		"originalSource": "",
		"exportFormat": "lossless",
		"exportQuality": 0.8,
		"fileType": "image/png",
		"imageSpriteId": 1348826,
		"useCollisionPoly": true,
		"tag": ""
	},
	"tile-collision-polys": {
		"44": {
			"collisionPoly": {
				"points": [
					0,
					0,
					1,
					0,
					1,
					1,
					0,
					1
				]
			},
			"useCollisionPoly": false
		}
	}
}