{
	"name": "Ending Sheet",
	"events": [
		{
			"eventType": "block",
			"conditions": [
				{
					"id": "is-overlapping-another-object",
					"objectClass": "Player",
					"sid": 439176983727629,
					"parameters": {
						"object": "Door3InteractOutSide"
					}
				}
			],
			"actions": [
				{
					"id": "go-to-layout",
					"objectClass": "System",
					"sid": 586784322826007,
					"parameters": {
						"layout": "Ending part2"
					}
				}
			],
			"sid": 587326452253257
		},
		{
			"eventType": "block",
			"conditions": [
				{
					"id": "on-start-of-layout",
					"objectClass": "System",
					"sid": 389577808663690
				}
			],
			"actions": [
				{
					"id": "play",
					"objectClass": "Audio",
					"sid": 362453321513385,
					"parameters": {
						"audio-file": "466133__humanoide9000__victory-fanfare",
						"loop": "looping",
						"volume": "0",
						"stereo-pan": "0",
						"tag-optional": "\"\""
					}
				},
				{
					"id": "stop",
					"objectClass": "Audio",
					"sid": 123292786053711,
					"parameters": {
						"tag": "\"BG\""
					}
				}
			],
			"sid": 805585084433057
		}
	],
	"sid": 284596532846576
}