{
	"name": "FrontOutline",
	"plugin-id": "Sprite",
	"sid": 957314561780878,
	"isGlobal": false,
	"instanceVariables": [
		{
			"name": "t",
			"type": "number",
			"desc": "",
			"show": true,
			"sid": 434619415008111
		},
		{
			"name": "orig_width",
			"type": "number",
			"desc": "",
			"show": true,
			"sid": 388132133671006
		}
	],
	"behaviorTypes": [
		{
			"behaviorId": "Tween",
			"name": "Tween",
			"sid": 171578797466951
		}
	],
	"effectTypes": [],
	"animations": {
		"items": [
			{
				"frames": [
					{
						"width": 250,
						"height": 250,
						"originX": 0.5,
						"originY": 0.5,
						"originalSource": "",
						"exportFormat": "lossless",
						"exportQuality": 0.8,
						"fileType": "image/png",
						"imageSpriteId": 9702799,
						"useCollisionPoly": true,
						"duration": 1,
						"tag": ""
					}
				],
				"sid": 642549252924369,
				"name": "Animation 1",
				"isLooping": false,
				"isPingPong": false,
				"repeatCount": 1,
				"repeatTo": 0,
				"speed": 5
			}
		],
		"subfolders": []
	}
}