{
	"name": "Door2KeyCode Sheet",
	"events": [
		{
			"eventType": "block",
			"conditions": [
				{
					"id": "on-object-clicked",
					"objectClass": "Mouse",
					"sid": 431898995102288,
					"parameters": {
						"mouse-button": "left",
						"click-type": "clicked",
						"object-clicked": "KeyCode"
					}
				}
			],
			"actions": [
				{
					"id": "go-to-layout",
					"objectClass": "System",
					"sid": 178106978015829,
					"parameters": {
						"layout": "Puzzle2"
					}
				},
				{
					"id": "play",
					"objectClass": "Audio",
					"sid": 355091066426689,
					"parameters": {
						"audio-file": "266152__vacuumfan7072__cfup",
						"loop": "not-looping",
						"volume": "0",
						"stereo-pan": "0",
						"tag-optional": "\"\""
					}
				}
			],
			"sid": 404075151438330
		},
		{
			"eventType": "block",
			"conditions": [
				{
					"id": "on-start-of-layout",
					"objectClass": "System",
					"sid": 479328033557722
				}
			],
			"actions": [
				{
					"id": "set-opacity",
					"objectClass": "Player",
					"sid": 282516116337472,
					"parameters": {
						"opacity": "0"
					}
				},
				{
					"id": "stop",
					"objectClass": "Player",
					"sid": 908085758337976,
					"behaviorType": "8Direction"
				}
			],
			"sid": 472970846179862
		},
		{
			"eventType": "block",
			"conditions": [
				{
					"id": "on-key-pressed",
					"objectClass": "Keyboard",
					"sid": 608162745698400,
					"parameters": {
						"key": 69
					}
				}
			],
			"actions": [
				{
					"id": "go-to-layout",
					"objectClass": "System",
					"sid": 120300167663137,
					"parameters": {
						"layout": "Layout 1"
					}
				},
				{
					"id": "play",
					"objectClass": "Audio",
					"sid": 102763267555886,
					"parameters": {
						"audio-file": "266152__vacuumfan7072__cfup",
						"loop": "not-looping",
						"volume": "0",
						"stereo-pan": "0",
						"tag-optional": "\"\""
					}
				}
			],
			"sid": 826267592771742
		}
	],
	"sid": 543325260808423
}