{
	"name": "Event sheet 1",
	"events": [
		{
			"eventType": "variable",
			"name": "Test1",
			"type": "number",
			"initialValue": "0",
			"comment": "",
			"isStatic": false,
			"isConstant": false,
			"sid": 444026857524152
		},
		{
			"eventType": "group",
			"disabled": false,
			"title": "Fliping",
			"description": "",
			"isActiveOnStart": true,
			"children": [
				{
					"eventType": "block",
					"conditions": [
						{
							"id": "on-object-clicked",
							"objectClass": "Mouse",
							"sid": 477462203360882,
							"parameters": {
								"mouse-button": "left",
								"click-type": "clicked",
								"object-clicked": "FrontOutline"
							}
						}
					],
					"actions": [
						{
							"id": "tween-value",
							"objectClass": "FrontOutline",
							"sid": 664722651665325,
							"behaviorType": "Tween",
							"parameters": {
								"tags": "\"shrink\"",
								"start-value": "100",
								"end-value": "-100",
								"time": "Self.t",
								"ease": "default",
								"destroy-on-complete": "no",
								"loop": "no",
								"ping-pong": "no",
								"repeat-count": "1"
							}
						}
					],
					"sid": 718046781230717
				},
				{
					"eventType": "block",
					"conditions": [
						{
							"id": "on-object-clicked",
							"objectClass": "Mouse",
							"sid": 792557392732097,
							"parameters": {
								"mouse-button": "left",
								"click-type": "clicked",
								"object-clicked": "BackOutline"
							}
						}
					],
					"actions": [
						{
							"id": "tween-value",
							"objectClass": "BackOutline",
							"sid": 516374624407157,
							"behaviorType": "Tween",
							"parameters": {
								"tags": "\"shrink\"",
								"start-value": "100",
								"end-value": "-100",
								"time": "FrontOutline.t",
								"ease": "default",
								"destroy-on-complete": "no",
								"loop": "no",
								"ping-pong": "no",
								"repeat-count": "1"
							}
						}
					],
					"sid": 204930503700390
				},
				{
					"eventType": "block",
					"conditions": [
						{
							"id": "on-start-of-layout",
							"objectClass": "System",
							"sid": 158590318413470
						}
					],
					"actions": [
						{
							"id": "set-instvar-value",
							"objectClass": "FrontOutline",
							"sid": 239464718043074,
							"parameters": {
								"instance-variable": "orig_width",
								"value": "Self.Width"
							}
						},
						{
							"id": "set-opacity",
							"objectClass": "BackOutline",
							"sid": 456460038805222,
							"parameters": {
								"opacity": "0"
							}
						},
						{
							"id": "set-instvar-value",
							"objectClass": "FrontOutline",
							"sid": 126486526274915,
							"parameters": {
								"instance-variable": "t",
								"value": "1"
							}
						}
					],
					"sid": 639720791020817
				},
				{
					"eventType": "block",
					"conditions": [
						{
							"id": "on-tweens-finished",
							"objectClass": "FrontOutline",
							"sid": 241521615127285,
							"behaviorType": "Tween",
							"parameters": {
								"tags": "\"shrink\""
							}
						},
						{
							"id": "for-each",
							"objectClass": "System",
							"sid": 839387130923980,
							"parameters": {
								"object": "FrontOutline"
							}
						}
					],
					"actions": [
						{
							"id": "set-instvar-value",
							"objectClass": "FrontOutline",
							"sid": 423614894883940,
							"parameters": {
								"instance-variable": "t",
								"value": "Self.t * 1.5"
							}
						}
					],
					"sid": 209930537498264,
					"children": [
						{
							"eventType": "block",
							"conditions": [
								{
									"id": "compare-eventvar",
									"objectClass": "System",
									"sid": 873885722321173,
									"parameters": {
										"variable": "Test1",
										"comparison": 2,
										"value": "1"
									}
								}
							],
							"actions": [
								{
									"id": "tween-value",
									"objectClass": "FrontOutline",
									"sid": 746573948122091,
									"behaviorType": "Tween",
									"parameters": {
										"tags": "\"shrink\"",
										"start-value": "100",
										"end-value": "-100",
										"time": "Self.t",
										"ease": "default",
										"destroy-on-complete": "no",
										"loop": "no",
										"ping-pong": "yes",
										"repeat-count": "1"
									}
								}
							],
							"sid": 692367450359876
						}
					]
				},
				{
					"eventType": "block",
					"conditions": [
						{
							"id": "every-tick",
							"objectClass": "System",
							"sid": 804869085680631
						}
					],
					"actions": [
						{
							"id": "set-eventvar-value",
							"objectClass": "System",
							"sid": 968801212420609,
							"parameters": {
								"variable": "Test1",
								"value": "FrontOutline.t"
							}
						}
					],
					"sid": 236643325502674
				},
				{
					"eventType": "block",
					"conditions": [
						{
							"id": "is-playing",
							"objectClass": "FrontOutline",
							"sid": 977914353446095,
							"behaviorType": "Tween",
							"parameters": {
								"tags": "\"shrink\""
							}
						}
					],
					"actions": [
						{
							"id": "set-width",
							"objectClass": "FrontOutline",
							"sid": 377223752279774,
							"parameters": {
								"width": "Self.orig_width * (Self.Tween.Value(\"shrink\")/100)"
							}
						},
						{
							"id": "set-width",
							"objectClass": "BackOutline",
							"sid": 908977079895016,
							"parameters": {
								"width": "FrontOutline.Width"
							}
						},
						{
							"id": "set-opacity",
							"objectClass": "BackOutline",
							"sid": 366607834461311,
							"parameters": {
								"opacity": "FrontOutline.Tween.Value(\"shrink\") > 0 ? 0 : 100\n"
							}
						},
						{
							"id": "set-opacity",
							"objectClass": "FrontOutline",
							"sid": 970248892342304,
							"parameters": {
								"opacity": "FrontOutline.Tween.Value(\"shrink\") > 0 ? 100 : 0"
							}
						}
					],
					"sid": 585182144089055
				}
			],
			"sid": 723114862959932
		},
		{
			"eventType": "group",
			"disabled": false,
			"title": "interact E",
			"description": "",
			"isActiveOnStart": true,
			"children": [
				{
					"eventType": "block",
					"conditions": [
						{
							"id": "every-tick",
							"objectClass": "System",
							"sid": 835301102961497
						}
					],
					"actions": [
						{
							"id": "set-y",
							"objectClass": "Einteract",
							"sid": 631556772569878,
							"parameters": {
								"y": "Player.Y- 39"
							}
						},
						{
							"id": "set-x",
							"objectClass": "Einteract",
							"sid": 277005154830148,
							"parameters": {
								"x": "Player.X "
							}
						},
						{
							"id": "set-visible",
							"objectClass": "Einteract",
							"sid": 180563360286416,
							"parameters": {
								"visibility": "invisible"
							}
						}
					],
					"sid": 135528592587094
				},
				{
					"eventType": "block",
					"conditions": [
						{
							"id": "is-overlapping-another-object",
							"objectClass": "Player",
							"sid": 530878844293107,
							"parameters": {
								"object": "Door1InteractOutside"
							}
						},
						{
							"id": "is-visible",
							"objectClass": "Door",
							"sid": 966798529739082
						}
					],
					"actions": [
						{
							"id": "set-visible",
							"objectClass": "Einteract",
							"sid": 121671831851521,
							"parameters": {
								"visibility": "visible"
							}
						}
					],
					"sid": 893952621832873
				},
				{
					"eventType": "block",
					"conditions": [
						{
							"id": "is-overlapping-another-object",
							"objectClass": "Player",
							"sid": 598477012095989,
							"parameters": {
								"object": "Door2InteractOutside"
							}
						},
						{
							"id": "is-visible",
							"objectClass": "Door2",
							"sid": 776554348439373
						}
					],
					"actions": [
						{
							"id": "set-visible",
							"objectClass": "Einteract",
							"sid": 225766423783264,
							"parameters": {
								"visibility": "visible"
							}
						}
					],
					"sid": 545577414039852
				},
				{
					"eventType": "block",
					"conditions": [
						{
							"id": "is-overlapping-another-object",
							"objectClass": "Player",
							"sid": 446756997814404,
							"parameters": {
								"object": "Door3InteractOutSide"
							}
						},
						{
							"id": "is-visible",
							"objectClass": "Door3",
							"sid": 314751208860229
						}
					],
					"actions": [
						{
							"id": "set-visible",
							"objectClass": "Einteract",
							"sid": 493816885169367,
							"parameters": {
								"visibility": "visible"
							}
						}
					],
					"sid": 828842380241016
				},
				{
					"eventType": "block",
					"conditions": [
						{
							"id": "is-overlapping-another-object",
							"objectClass": "Player",
							"sid": 474395471471805,
							"parameters": {
								"object": "MakeyInteractOutSide"
							}
						},
						{
							"id": "is-boolean-instance-variable-set",
							"objectClass": "Player",
							"sid": 201340224823447,
							"parameters": {
								"instance-variable": "isUnlock3"
							}
						}
					],
					"actions": [
						{
							"id": "set-visible",
							"objectClass": "Einteract",
							"sid": 960499102310319,
							"parameters": {
								"visibility": "visible"
							}
						}
					],
					"sid": 327015760123191
				},
				{
					"eventType": "block",
					"conditions": [
						{
							"id": "on-key-pressed",
							"objectClass": "Keyboard",
							"sid": 321767360793738,
							"parameters": {
								"key": 69
							}
						}
					],
					"actions": [],
					"sid": 479150837924911,
					"children": [
						{
							"eventType": "block",
							"conditions": [
								{
									"id": "is-overlapping-another-object",
									"objectClass": "Player",
									"sid": 630211182245273,
									"parameters": {
										"object": "Door1InteractOutside"
									}
								},
								{
									"id": "is-boolean-instance-variable-set",
									"objectClass": "Player",
									"sid": 902275741122484,
									"parameters": {
										"instance-variable": "isUnlock1"
									},
									"isInverted": true
								}
							],
							"actions": [
								{
									"id": "go-to-layout",
									"objectClass": "System",
									"sid": 887627456030411,
									"parameters": {
										"layout": "Door1KeyCode layout"
									}
								}
							],
							"sid": 143542456703377
						}
					]
				},
				{
					"eventType": "block",
					"conditions": [
						{
							"id": "on-key-pressed",
							"objectClass": "Keyboard",
							"sid": 723432344491772,
							"parameters": {
								"key": 69
							}
						}
					],
					"actions": [],
					"sid": 462912133084372,
					"children": [
						{
							"eventType": "block",
							"conditions": [
								{
									"id": "is-overlapping-another-object",
									"objectClass": "Player",
									"sid": 285259635931325,
									"parameters": {
										"object": "Door2InteractOutside"
									}
								},
								{
									"id": "is-boolean-instance-variable-set",
									"objectClass": "Player",
									"sid": 636326876152420,
									"parameters": {
										"instance-variable": "isUnlock2"
									},
									"isInverted": true
								}
							],
							"actions": [
								{
									"id": "go-to-layout",
									"objectClass": "System",
									"sid": 249082923160856,
									"parameters": {
										"layout": "Door2KeyCode layout"
									}
								}
							],
							"sid": 331613335768071
						}
					]
				},
				{
					"eventType": "block",
					"conditions": [
						{
							"id": "on-key-pressed",
							"objectClass": "Keyboard",
							"sid": 931888772723258,
							"parameters": {
								"key": 69
							}
						}
					],
					"actions": [],
					"sid": 338679607781993,
					"children": [
						{
							"eventType": "block",
							"conditions": [
								{
									"id": "is-overlapping-another-object",
									"objectClass": "Player",
									"sid": 679544081259858,
									"parameters": {
										"object": "Door3InteractOutSide"
									}
								},
								{
									"id": "is-boolean-instance-variable-set",
									"objectClass": "Player",
									"sid": 868725045567780,
									"parameters": {
										"instance-variable": "isUnlock3"
									},
									"isInverted": true
								}
							],
							"actions": [
								{
									"id": "go-to-layout",
									"objectClass": "System",
									"sid": 209052757763024,
									"parameters": {
										"layout": "Door3KeyCode layout"
									}
								}
							],
							"sid": 717095902880941
						}
					]
				},
				{
					"eventType": "block",
					"conditions": [
						{
							"id": "on-key-pressed",
							"objectClass": "Keyboard",
							"sid": 535427604567160,
							"parameters": {
								"key": 69
							}
						}
					],
					"actions": [],
					"sid": 233070600715212,
					"children": [
						{
							"eventType": "block",
							"conditions": [
								{
									"id": "is-overlapping-another-object",
									"objectClass": "Player",
									"sid": 276222636502595,
									"parameters": {
										"object": "MakeyInteractOutSide"
									}
								},
								{
									"id": "is-boolean-instance-variable-set",
									"objectClass": "Player",
									"sid": 148544813100404,
									"parameters": {
										"instance-variable": "isUnlock3"
									}
								}
							],
							"actions": [
								{
									"id": "go-to-layout",
									"objectClass": "System",
									"sid": 807107008609694,
									"parameters": {
										"layout": "Makeyscreen"
									}
								}
							],
							"sid": 986729577184438
						}
					]
				},
				{
					"eventType": "comment",
					"text": "Check if isUnlock is true and goes through the door"
				},
				{
					"eventType": "block",
					"conditions": [
						{
							"id": "is-overlapping-another-object",
							"objectClass": "Player",
							"sid": 903230384421193,
							"parameters": {
								"object": "Door1InteractInside"
							}
						},
						{
							"id": "is-visible",
							"objectClass": "Door",
							"sid": 593868888509662
						}
					],
					"actions": [
						{
							"id": "set-visible",
							"objectClass": "Einteract",
							"sid": 578113830747461,
							"parameters": {
								"visibility": "visible"
							}
						}
					],
					"sid": 286222470247872
				},
				{
					"eventType": "block",
					"conditions": [
						{
							"id": "is-overlapping-another-object",
							"objectClass": "Player",
							"sid": 535946833768327,
							"parameters": {
								"object": "Door2InteractInside"
							}
						},
						{
							"id": "is-visible",
							"objectClass": "Door2",
							"sid": 180158150303568
						}
					],
					"actions": [
						{
							"id": "set-visible",
							"objectClass": "Einteract",
							"sid": 969007724617158,
							"parameters": {
								"visibility": "visible"
							}
						}
					],
					"sid": 365656268043496
				},
				{
					"eventType": "block",
					"conditions": [
						{
							"id": "is-overlapping-another-object",
							"objectClass": "Player",
							"sid": 621318447560227,
							"parameters": {
								"object": "Door3InteractInside"
							}
						},
						{
							"id": "is-visible",
							"objectClass": "Door3",
							"sid": 933118504686544
						}
					],
					"actions": [
						{
							"id": "set-visible",
							"objectClass": "Einteract",
							"sid": 169129770049070,
							"parameters": {
								"visibility": "visible"
							}
						}
					],
					"sid": 182136864670772
				},
				{
					"eventType": "block",
					"conditions": [
						{
							"id": "on-key-pressed",
							"objectClass": "Keyboard",
							"sid": 287090285831621,
							"parameters": {
								"key": 69
							}
						}
					],
					"actions": [],
					"sid": 750346413534624,
					"children": [
						{
							"eventType": "block",
							"conditions": [
								{
									"id": "is-overlapping-another-object",
									"objectClass": "Player",
									"sid": 263655949112682,
									"parameters": {
										"object": "Door1InteractOutside"
									}
								},
								{
									"id": "is-boolean-instance-variable-set",
									"objectClass": "Player",
									"sid": 882790828443393,
									"parameters": {
										"instance-variable": "isUnlock1"
									}
								}
							],
							"actions": [
								{
									"id": "set-position",
									"objectClass": "Player",
									"sid": 882510171555828,
									"parameters": {
										"x": "Door1InteractInside.X",
										"y": "Door1InteractInside.Y"
									}
								}
							],
							"sid": 437477326085219
						},
						{
							"eventType": "block",
							"conditions": [
								{
									"id": "else",
									"objectClass": "System",
									"sid": 397616533030022
								}
							],
							"actions": [],
							"sid": 222829331000404,
							"children": [
								{
									"eventType": "block",
									"conditions": [
										{
											"id": "is-overlapping-another-object",
											"objectClass": "Player",
											"sid": 828727287074920,
											"parameters": {
												"object": "Door1InteractInside"
											}
										}
									],
									"actions": [
										{
											"id": "set-position",
											"objectClass": "Player",
											"sid": 796712442867701,
											"parameters": {
												"x": "Door1InteractOutside.X",
												"y": "Door1InteractOutside.Y"
											}
										}
									],
									"sid": 320697189373131
								}
							]
						}
					]
				},
				{
					"eventType": "block",
					"conditions": [
						{
							"id": "on-key-pressed",
							"objectClass": "Keyboard",
							"sid": 268579800299290,
							"parameters": {
								"key": 69
							}
						}
					],
					"actions": [],
					"sid": 888928806171657,
					"children": [
						{
							"eventType": "block",
							"conditions": [
								{
									"id": "is-overlapping-another-object",
									"objectClass": "Player",
									"sid": 978510413178660,
									"parameters": {
										"object": "Door2InteractOutside"
									}
								},
								{
									"id": "is-boolean-instance-variable-set",
									"objectClass": "Player",
									"sid": 806049855825933,
									"parameters": {
										"instance-variable": "isUnlock1"
									}
								}
							],
							"actions": [
								{
									"id": "set-position",
									"objectClass": "Player",
									"sid": 557010569991243,
									"parameters": {
										"x": "Door2InteractInside.X",
										"y": "Door2InteractInside.Y"
									}
								}
							],
							"sid": 576479265989186
						},
						{
							"eventType": "block",
							"conditions": [
								{
									"id": "else",
									"objectClass": "System",
									"sid": 165654807742502
								}
							],
							"actions": [],
							"sid": 405401287229707,
							"children": [
								{
									"eventType": "block",
									"conditions": [
										{
											"id": "is-overlapping-another-object",
											"objectClass": "Player",
											"sid": 937238519751136,
											"parameters": {
												"object": "Door2InteractInside"
											}
										}
									],
									"actions": [
										{
											"id": "set-position",
											"objectClass": "Player",
											"sid": 843934354547363,
											"parameters": {
												"x": "Door2InteractOutside.X",
												"y": "Door2InteractOutside.Y"
											}
										}
									],
									"sid": 942786333998559
								}
							]
						}
					]
				},
				{
					"eventType": "block",
					"conditions": [
						{
							"id": "on-key-pressed",
							"objectClass": "Keyboard",
							"sid": 300213365488398,
							"parameters": {
								"key": 69
							}
						}
					],
					"actions": [],
					"sid": 690491588798804,
					"children": [
						{
							"eventType": "block",
							"conditions": [
								{
									"id": "is-overlapping-another-object",
									"objectClass": "Player",
									"sid": 102404978464092,
									"parameters": {
										"object": "Door3InteractOutSide"
									}
								},
								{
									"id": "is-boolean-instance-variable-set",
									"objectClass": "Player",
									"sid": 114265102463461,
									"parameters": {
										"instance-variable": "isUnlock1"
									}
								}
							],
							"actions": [
								{
									"id": "set-position",
									"objectClass": "Player",
									"sid": 653837016994720,
									"parameters": {
										"x": "Door3InteractInside.X",
										"y": "Door3InteractInside.Y"
									}
								}
							],
							"sid": 793122818614425
						},
						{
							"eventType": "block",
							"conditions": [
								{
									"id": "else",
									"objectClass": "System",
									"sid": 889601066293039
								}
							],
							"actions": [],
							"sid": 660257237401443,
							"children": [
								{
									"eventType": "block",
									"conditions": [
										{
											"id": "is-overlapping-another-object",
											"objectClass": "Player",
											"sid": 113977516429797,
											"parameters": {
												"object": "Door3InteractInside"
											}
										}
									],
									"actions": [
										{
											"id": "set-position",
											"objectClass": "Player",
											"sid": 215004043414261,
											"parameters": {
												"x": "Door3InteractOutside.X",
												"y": "Door3InteractOutside.Y"
											}
										}
									],
									"sid": 285702050377676
								}
							]
						}
					]
				}
			],
			"sid": 212345477832243
		},
		{
			"eventType": "block",
			"conditions": [
				{
					"id": "compare-eventvar",
					"objectClass": "System",
					"sid": 220565284970946,
					"parameters": {
						"variable": "isPuzzles1Done",
						"comparison": 0,
						"value": "1"
					}
				}
			],
			"actions": [
				{
					"id": "set-boolean-instvar",
					"objectClass": "Player",
					"sid": 269807050490167,
					"parameters": {
						"instance-variable": "isUnlock1",
						"value": "true"
					}
				},
				{
					"id": "set-opacity",
					"objectClass": "Door1_Unlock",
					"sid": 995551327774185,
					"parameters": {
						"opacity": "100"
					}
				},
				{
					"id": "wait",
					"objectClass": "System",
					"sid": 318457287598186,
					"parameters": {
						"seconds": "2"
					}
				},
				{
					"id": "set-opacity",
					"objectClass": "Door1_Unlock",
					"sid": 611303516079845,
					"parameters": {
						"opacity": "0"
					}
				}
			],
			"sid": 766499984349202
		},
		{
			"eventType": "block",
			"conditions": [
				{
					"id": "else",
					"objectClass": "System",
					"sid": 354279077640746
				}
			],
			"actions": [
				{
					"id": "set-opacity",
					"objectClass": "Door1_Unlock",
					"sid": 522168658322777,
					"parameters": {
						"opacity": "0"
					}
				}
			],
			"sid": 180695534756732
		},
		{
			"eventType": "block",
			"conditions": [
				{
					"id": "compare-eventvar",
					"objectClass": "System",
					"sid": 585778201474574,
					"parameters": {
						"variable": "isPuzzles2Done",
						"comparison": 0,
						"value": "1"
					}
				}
			],
			"actions": [
				{
					"id": "set-boolean-instvar",
					"objectClass": "Player",
					"sid": 803306612274371,
					"parameters": {
						"instance-variable": "isUnlock2",
						"value": "true"
					}
				},
				{
					"id": "set-opacity",
					"objectClass": "Door2_Unlock",
					"sid": 161658412882631,
					"parameters": {
						"opacity": "100"
					}
				},
				{
					"id": "wait",
					"objectClass": "System",
					"sid": 395934477935413,
					"parameters": {
						"seconds": "2"
					}
				},
				{
					"id": "set-opacity",
					"objectClass": "Door2_Unlock",
					"sid": 790467242229802,
					"parameters": {
						"opacity": "0"
					}
				}
			],
			"sid": 969919093801127
		},
		{
			"eventType": "block",
			"conditions": [
				{
					"id": "else",
					"objectClass": "System",
					"sid": 344244872035175
				}
			],
			"actions": [
				{
					"id": "set-opacity",
					"objectClass": "Door2_Unlock",
					"sid": 837234785226052,
					"parameters": {
						"opacity": "0"
					}
				}
			],
			"sid": 397877402530815
		},
		{
			"eventType": "block",
			"conditions": [
				{
					"id": "compare-eventvar",
					"objectClass": "System",
					"sid": 467333502162080,
					"parameters": {
						"variable": "isPuzzles3Done",
						"comparison": 0,
						"value": "1"
					}
				}
			],
			"actions": [
				{
					"id": "set-boolean-instvar",
					"objectClass": "Player",
					"sid": 357615258184630,
					"parameters": {
						"instance-variable": "isUnlock3",
						"value": "true"
					}
				},
				{
					"id": "set-opacity",
					"objectClass": "Door3_Unlock",
					"sid": 370193050630370,
					"parameters": {
						"opacity": "100"
					}
				},
				{
					"id": "wait",
					"objectClass": "System",
					"sid": 412769197015431,
					"parameters": {
						"seconds": "2"
					}
				},
				{
					"id": "set-opacity",
					"objectClass": "Door3_Unlock",
					"sid": 208490393201645,
					"parameters": {
						"opacity": "0"
					}
				}
			],
			"sid": 633375381495270
		},
		{
			"eventType": "block",
			"conditions": [
				{
					"id": "else",
					"objectClass": "System",
					"sid": 338209609999056
				}
			],
			"actions": [
				{
					"id": "set-opacity",
					"objectClass": "Door3_Unlock",
					"sid": 715547794024400,
					"parameters": {
						"opacity": "0"
					}
				}
			],
			"sid": 144485851563182
		},
		{
			"eventType": "group",
			"disabled": false,
			"title": "PuzzlesInteract",
			"description": "",
			"isActiveOnStart": true,
			"children": [
				{
					"eventType": "block",
					"conditions": [
						{
							"id": "is-overlapping-another-object",
							"objectClass": "Player",
							"sid": 855047493370061,
							"parameters": {
								"object": "Puzzle1Interact"
							}
						}
					],
					"actions": [
						{
							"id": "set-visible",
							"objectClass": "Einteract",
							"sid": 467232475364763,
							"parameters": {
								"visibility": "visible"
							}
						}
					],
					"sid": 917570096652562
				},
				{
					"eventType": "block",
					"conditions": [
						{
							"id": "on-key-pressed",
							"objectClass": "Keyboard",
							"sid": 863092149752237,
							"parameters": {
								"key": 69
							}
						}
					],
					"actions": [],
					"sid": 755395379801089,
					"children": [
						{
							"eventType": "block",
							"conditions": [
								{
									"id": "is-overlapping-another-object",
									"objectClass": "Player",
									"sid": 422730084998921,
									"parameters": {
										"object": "Puzzle1Interact"
									}
								}
							],
							"actions": [
								{
									"id": "go-to-layout",
									"objectClass": "System",
									"sid": 182431005199591,
									"parameters": {
										"layout": "PictureClue1"
									}
								}
							],
							"sid": 640130940138381
						}
					]
				},
				{
					"eventType": "block",
					"conditions": [
						{
							"id": "is-overlapping-another-object",
							"objectClass": "Player",
							"sid": 523696517454821,
							"parameters": {
								"object": "Puzzle2Interact"
							}
						}
					],
					"actions": [
						{
							"id": "set-visible",
							"objectClass": "Einteract",
							"sid": 784819424685863,
							"parameters": {
								"visibility": "visible"
							}
						}
					],
					"sid": 377411334192392
				},
				{
					"eventType": "block",
					"conditions": [
						{
							"id": "on-key-pressed",
							"objectClass": "Keyboard",
							"sid": 939733885093889,
							"parameters": {
								"key": 69
							}
						}
					],
					"actions": [],
					"sid": 607536863169772,
					"children": [
						{
							"eventType": "block",
							"conditions": [
								{
									"id": "is-overlapping-another-object",
									"objectClass": "Player",
									"sid": 267939165579774,
									"parameters": {
										"object": "Puzzle2Interact"
									}
								}
							],
							"actions": [
								{
									"id": "go-to-layout",
									"objectClass": "System",
									"sid": 411869377534430,
									"parameters": {
										"layout": "PictureClue2"
									}
								}
							],
							"sid": 444901442567175
						}
					]
				},
				{
					"eventType": "block",
					"conditions": [
						{
							"id": "is-overlapping-another-object",
							"objectClass": "Player",
							"sid": 970645943273838,
							"parameters": {
								"object": "Puzzle3Interact"
							}
						}
					],
					"actions": [
						{
							"id": "set-visible",
							"objectClass": "Einteract",
							"sid": 625515105189061,
							"parameters": {
								"visibility": "visible"
							}
						}
					],
					"sid": 975187248808841
				},
				{
					"eventType": "block",
					"conditions": [
						{
							"id": "on-key-pressed",
							"objectClass": "Keyboard",
							"sid": 950896234754274,
							"parameters": {
								"key": 69
							}
						}
					],
					"actions": [],
					"sid": 828131134170253,
					"children": [
						{
							"eventType": "block",
							"conditions": [
								{
									"id": "is-overlapping-another-object",
									"objectClass": "Player",
									"sid": 109500329257821,
									"parameters": {
										"object": "Puzzle3Interact"
									}
								}
							],
							"actions": [
								{
									"id": "go-to-layout",
									"objectClass": "System",
									"sid": 805680443786509,
									"parameters": {
										"layout": "PictureClue2"
									}
								}
							],
							"sid": 837199026777113
						}
					]
				}
			],
			"sid": 623547047563588
		},
		{
			"eventType": "block",
			"conditions": [
				{
					"id": "every-tick",
					"objectClass": "System",
					"sid": 501570534090791
				}
			],
			"actions": [],
			"sid": 592283069896966,
			"children": [
				{
					"eventType": "block",
					"conditions": [
						{
							"id": "trigger-once-while-true",
							"objectClass": "System",
							"sid": 530331257406841
						}
					],
					"actions": [],
					"sid": 119718382477519
				}
			]
		}
	],
	"sid": 519619491916340
}