{
	"name": "Puzzle1 Sheet",
	"events": [
		{
			"eventType": "variable",
			"name": "number1",
			"type": "number",
			"initialValue": "0",
			"comment": "",
			"isStatic": false,
			"isConstant": false,
			"sid": 978600455054575
		},
		{
			"eventType": "variable",
			"name": "number2",
			"type": "number",
			"initialValue": "0",
			"comment": "",
			"isStatic": false,
			"isConstant": false,
			"sid": 601676783337962
		},
		{
			"eventType": "variable",
			"name": "number3",
			"type": "number",
			"initialValue": "0",
			"comment": "",
			"isStatic": false,
			"isConstant": false,
			"sid": 655353073454760
		},
		{
			"eventType": "variable",
			"name": "correct1",
			"type": "number",
			"initialValue": "4",
			"comment": "",
			"isStatic": false,
			"isConstant": false,
			"sid": 693344605621531
		},
		{
			"eventType": "variable",
			"name": "correct2",
			"type": "number",
			"initialValue": "3",
			"comment": "",
			"isStatic": false,
			"isConstant": false,
			"sid": 828590490925358
		},
		{
			"eventType": "variable",
			"name": "correct3",
			"type": "number",
			"initialValue": "6",
			"comment": "",
			"isStatic": false,
			"isConstant": false,
			"sid": 827645120368363
		},
		{
			"eventType": "variable",
			"name": "corretBool1",
			"type": "boolean",
			"initialValue": "false",
			"comment": "",
			"isStatic": false,
			"isConstant": false,
			"sid": 148181193208609
		},
		{
			"eventType": "variable",
			"name": "corretBool2",
			"type": "boolean",
			"initialValue": "false",
			"comment": "",
			"isStatic": false,
			"isConstant": false,
			"sid": 756554594353398
		},
		{
			"eventType": "variable",
			"name": "corretBool3",
			"type": "boolean",
			"initialValue": "false",
			"comment": "",
			"isStatic": false,
			"isConstant": false,
			"sid": 493480980384037
		},
		{
			"eventType": "variable",
			"name": "isPuzzles1Done",
			"type": "number",
			"initialValue": "0",
			"comment": "",
			"isStatic": false,
			"isConstant": false,
			"sid": 186892967238431
		},
		{
			"eventType": "group",
			"disabled": false,
			"title": "Make the number go 1 to 9",
			"description": "",
			"isActiveOnStart": true,
			"children": [
				{
					"eventType": "block",
					"conditions": [
						{
							"id": "on-object-clicked",
							"objectClass": "Mouse",
							"sid": 993583890798328,
							"parameters": {
								"mouse-button": "left",
								"click-type": "clicked",
								"object-clicked": "txt_1"
							}
						}
					],
					"actions": [],
					"sid": 107770734780790,
					"children": [
						{
							"eventType": "block",
							"conditions": [
								{
									"id": "compare-instance-variable",
									"objectClass": "txt_1",
									"sid": 968579551346616,
									"parameters": {
										"instance-variable": "numberLock",
										"comparison": 0,
										"value": "1"
									}
								}
							],
							"actions": [],
							"sid": 213401813997767,
							"children": [
								{
									"eventType": "block",
									"conditions": [
										{
											"id": "compare-eventvar",
											"objectClass": "System",
											"sid": 833088355565378,
											"parameters": {
												"variable": "number1",
												"comparison": 3,
												"value": "9"
											}
										}
									],
									"actions": [
										{
											"id": "add-to-eventvar",
											"objectClass": "System",
											"sid": 986663944675274,
											"parameters": {
												"variable": "number1",
												"value": "1"
											}
										}
									],
									"sid": 417750911307806
								},
								{
									"eventType": "block",
									"conditions": [
										{
											"id": "compare-eventvar",
											"objectClass": "System",
											"sid": 167494688322838,
											"parameters": {
												"variable": "number1",
												"comparison": 5,
												"value": "10"
											}
										}
									],
									"actions": [
										{
											"id": "set-eventvar-value",
											"objectClass": "System",
											"sid": 230955757768418,
											"parameters": {
												"variable": "number1",
												"value": "1"
											}
										}
									],
									"sid": 991192046623470
								}
							]
						},
						{
							"eventType": "block",
							"conditions": [
								{
									"id": "compare-instance-variable",
									"objectClass": "txt_1",
									"sid": 173039387092625,
									"parameters": {
										"instance-variable": "numberLock",
										"comparison": 0,
										"value": "2"
									}
								}
							],
							"actions": [],
							"sid": 721512116814698,
							"disabled": true,
							"children": [
								{
									"eventType": "block",
									"conditions": [
										{
											"id": "compare-eventvar",
											"objectClass": "System",
											"sid": 289542699447828,
											"parameters": {
												"variable": "number2",
												"comparison": 3,
												"value": "9"
											}
										}
									],
									"actions": [
										{
											"id": "add-to-eventvar",
											"objectClass": "System",
											"sid": 252162081540564,
											"parameters": {
												"variable": "number2",
												"value": "1"
											}
										}
									],
									"sid": 929863744752276,
									"disabled": true
								},
								{
									"eventType": "block",
									"conditions": [
										{
											"id": "compare-eventvar",
											"objectClass": "System",
											"sid": 587808277876682,
											"parameters": {
												"variable": "number2",
												"comparison": 5,
												"value": "10"
											}
										}
									],
									"actions": [
										{
											"id": "set-eventvar-value",
											"objectClass": "System",
											"sid": 636960076161267,
											"parameters": {
												"variable": "number2",
												"value": "1"
											}
										}
									],
									"sid": 999262725455840,
									"disabled": true
								}
							]
						},
						{
							"eventType": "block",
							"conditions": [
								{
									"id": "compare-instance-variable",
									"objectClass": "txt_1",
									"sid": 416449139486329,
									"parameters": {
										"instance-variable": "numberLock",
										"comparison": 0,
										"value": "3"
									}
								}
							],
							"actions": [],
							"sid": 149309974742681,
							"disabled": true,
							"children": [
								{
									"eventType": "block",
									"conditions": [
										{
											"id": "compare-eventvar",
											"objectClass": "System",
											"sid": 452017408003227,
											"parameters": {
												"variable": "number3",
												"comparison": 3,
												"value": "9"
											}
										}
									],
									"actions": [
										{
											"id": "add-to-eventvar",
											"objectClass": "System",
											"sid": 782293697888438,
											"parameters": {
												"variable": "number3",
												"value": "1"
											}
										}
									],
									"sid": 198110577416950,
									"disabled": true
								},
								{
									"eventType": "block",
									"conditions": [
										{
											"id": "compare-eventvar",
											"objectClass": "System",
											"sid": 867554087952388,
											"parameters": {
												"variable": "number3",
												"comparison": 5,
												"value": "10"
											}
										}
									],
									"actions": [
										{
											"id": "set-eventvar-value",
											"objectClass": "System",
											"sid": 821693711471674,
											"parameters": {
												"variable": "number3",
												"value": "1"
											}
										}
									],
									"sid": 777120462499936,
									"disabled": true
								}
							]
						}
					]
				}
			],
			"sid": 712294226772024
		},
		{
			"eventType": "group",
			"disabled": false,
			"title": "Every Tick it update the global numbers",
			"description": "",
			"isActiveOnStart": true,
			"children": [
				{
					"eventType": "block",
					"conditions": [
						{
							"id": "every-tick",
							"objectClass": "System",
							"sid": 831570669223418
						}
					],
					"actions": [],
					"sid": 161238615538011,
					"children": [
						{
							"eventType": "block",
							"conditions": [
								{
									"id": "compare-instance-variable",
									"objectClass": "txt_1",
									"sid": 307975571603829,
									"parameters": {
										"instance-variable": "numberLock",
										"comparison": 0,
										"value": "1"
									}
								}
							],
							"actions": [
								{
									"id": "set-text",
									"objectClass": "txt_1",
									"sid": 377359727237219,
									"parameters": {
										"text": "number1"
									}
								}
							],
							"sid": 684593627556006
						},
						{
							"eventType": "block",
							"conditions": [
								{
									"id": "compare-instance-variable",
									"objectClass": "txt_1",
									"sid": 474712184160059,
									"parameters": {
										"instance-variable": "numberLock",
										"comparison": 0,
										"value": "2"
									}
								}
							],
							"actions": [
								{
									"id": "set-text",
									"objectClass": "txt_1",
									"sid": 503984728554623,
									"parameters": {
										"text": "number2"
									}
								}
							],
							"sid": 605804496694657,
							"disabled": true
						},
						{
							"eventType": "block",
							"conditions": [
								{
									"id": "compare-instance-variable",
									"objectClass": "txt_1",
									"sid": 672596161227037,
									"parameters": {
										"instance-variable": "numberLock",
										"comparison": 0,
										"value": "3"
									}
								}
							],
							"actions": [
								{
									"id": "set-text",
									"objectClass": "txt_1",
									"sid": 932133249846664,
									"parameters": {
										"text": "number3"
									}
								}
							],
							"sid": 205846520334643,
							"disabled": true
						}
					]
				}
			],
			"sid": 996167329026572
		},
		{
			"eventType": "group",
			"disabled": false,
			"title": "Check if it right number",
			"description": "",
			"isActiveOnStart": true,
			"children": [
				{
					"eventType": "block",
					"conditions": [
						{
							"id": "on-object-clicked",
							"objectClass": "Mouse",
							"sid": 497790881913359,
							"parameters": {
								"mouse-button": "left",
								"click-type": "clicked",
								"object-clicked": "Button"
							}
						}
					],
					"actions": [],
					"sid": 164307018673347,
					"children": [
						{
							"eventType": "block",
							"conditions": [
								{
									"id": "compare-eventvar",
									"objectClass": "System",
									"sid": 299857635025584,
									"parameters": {
										"variable": "number1",
										"comparison": 0,
										"value": "correct1"
									}
								}
							],
							"actions": [
								{
									"id": "set-boolean-eventvar",
									"objectClass": "System",
									"sid": 715135366719900,
									"parameters": {
										"variable": "corretBool1",
										"value": "true"
									}
								},
								{
									"id": "set-animation-frame",
									"objectClass": "indicater",
									"sid": 815874180131719,
									"parameters": {
										"frame-number": "1"
									}
								}
							],
							"sid": 790049724628871
						},
						{
							"eventType": "block",
							"conditions": [
								{
									"id": "else",
									"objectClass": "System",
									"sid": 954986901691695
								}
							],
							"actions": [
								{
									"id": "set-boolean-eventvar",
									"objectClass": "System",
									"sid": 800197772072201,
									"parameters": {
										"variable": "corretBool1",
										"value": "false"
									}
								},
								{
									"id": "set-animation-frame",
									"objectClass": "indicater",
									"sid": 351007769948665,
									"parameters": {
										"frame-number": "0"
									}
								},
								{
									"id": "set-eventvar-value",
									"objectClass": "System",
									"sid": 338824980629610,
									"parameters": {
										"variable": "number1",
										"value": "0"
									}
								},
								{
									"id": "set-position",
									"objectClass": "Big_X",
									"sid": 196348292337331,
									"parameters": {
										"x": "txt_1.X",
										"y": "txt_1.Y"
									}
								},
								{
									"id": "set-opacity",
									"objectClass": "Big_X",
									"sid": 558638514522019,
									"parameters": {
										"opacity": "100"
									}
								},
								{
									"id": "add-to-instvar",
									"objectClass": "txt_1",
									"sid": 465728291173939,
									"parameters": {
										"instance-variable": "numberLock",
										"value": "1"
									}
								},
								{
									"id": "wait",
									"objectClass": "System",
									"sid": 253227497050915,
									"parameters": {
										"seconds": "3"
									}
								},
								{
									"id": "subtract-from-instvar",
									"objectClass": "txt_1",
									"sid": 493660118952427,
									"parameters": {
										"instance-variable": "numberLock",
										"value": "1"
									}
								},
								{
									"id": "set-position",
									"objectClass": "Big_X",
									"sid": 824428180321166,
									"parameters": {
										"x": "Player.X",
										"y": "Player.y"
									}
								},
								{
									"id": "set-opacity",
									"objectClass": "Big_X",
									"sid": 486125442712308,
									"parameters": {
										"opacity": "0"
									}
								}
							],
							"sid": 939177708179863
						}
					]
				}
			],
			"sid": 342307106137894
		},
		{
			"eventType": "group",
			"disabled": false,
			"title": "Check if all Bool is true",
			"description": "",
			"isActiveOnStart": true,
			"children": [
				{
					"eventType": "block",
					"conditions": [
						{
							"id": "compare-boolean-eventvar",
							"objectClass": "System",
							"sid": 207436465547036,
							"parameters": {
								"variable": "corretBool1"
							}
						},
						{
							"id": "compare-boolean-eventvar",
							"objectClass": "System",
							"sid": 486299293125259,
							"parameters": {
								"variable": "corretBool2"
							}
						},
						{
							"id": "compare-boolean-eventvar",
							"objectClass": "System",
							"sid": 307622303146571,
							"parameters": {
								"variable": "corretBool3"
							}
						}
					],
					"actions": [
						{
							"id": "set-animation-frame",
							"objectClass": "KeyCode",
							"sid": 139553612178247,
							"parameters": {
								"frame-number": "1"
							}
						},
						{
							"id": "set-eventvar-value",
							"objectClass": "System",
							"sid": 956028517072031,
							"parameters": {
								"variable": "isPuzzles1Done",
								"value": "1"
							}
						},
						{
							"id": "wait",
							"objectClass": "System",
							"sid": 653617521167275,
							"parameters": {
								"seconds": "1.0"
							}
						},
						{
							"id": "go-to-layout",
							"objectClass": "System",
							"sid": 159690465287041,
							"parameters": {
								"layout": "Layout 1"
							}
						}
					],
					"sid": 778513035285695,
					"disabled": true
				},
				{
					"eventType": "block",
					"conditions": [
						{
							"id": "compare-boolean-eventvar",
							"objectClass": "System",
							"sid": 930821382717065,
							"parameters": {
								"variable": "corretBool1"
							}
						}
					],
					"actions": [
						{
							"id": "set-animation-frame",
							"objectClass": "KeyCode",
							"sid": 676582511538679,
							"parameters": {
								"frame-number": "1"
							}
						},
						{
							"id": "set-eventvar-value",
							"objectClass": "System",
							"sid": 839905744932645,
							"parameters": {
								"variable": "isPuzzles1Done",
								"value": "1"
							}
						},
						{
							"id": "wait",
							"objectClass": "System",
							"sid": 965107705071605,
							"parameters": {
								"seconds": "1.0"
							}
						},
						{
							"id": "go-to-layout",
							"objectClass": "System",
							"sid": 533333762725704,
							"parameters": {
								"layout": "Layout 1"
							}
						}
					],
					"sid": 157153932893087
				}
			],
			"sid": 421222163335179
		},
		{
			"eventType": "block",
			"conditions": [
				{
					"id": "every-tick",
					"objectClass": "System",
					"sid": 760641293776970
				}
			],
			"actions": [
				{
					"id": "set-enabled",
					"objectClass": "Player",
					"sid": 328439212738046,
					"behaviorType": "8Direction",
					"parameters": {
						"state": "disabled"
					}
				},
				{
					"id": "set-opacity",
					"objectClass": "Player",
					"sid": 179247332444991,
					"parameters": {
						"opacity": "0"
					}
				}
			],
			"sid": 958022039966845
		},
		{
			"eventType": "block",
			"conditions": [
				{
					"id": "on-start-of-layout",
					"objectClass": "System",
					"sid": 499484218657545
				}
			],
			"actions": [
				{
					"id": "set-opacity",
					"objectClass": "Big_X",
					"sid": 439703548274833,
					"parameters": {
						"opacity": "0"
					}
				}
			],
			"sid": 686473155473574
		},
		{
			"eventType": "block",
			"conditions": [
				{
					"id": "on-end-of-layout",
					"objectClass": "System",
					"sid": 700441028898330
				}
			],
			"actions": [
				{
					"id": "destroy",
					"objectClass": "txt_2",
					"sid": 595948468503332
				},
				{
					"id": "destroy",
					"objectClass": "txt_4",
					"sid": 409463508861783
				}
			],
			"sid": 890863722534343
		}
	],
	"sid": 175214441151561
}