{"propertiesBar":{"properties":[{"name":"About","expanded":true,"children":[]},{"name":"Colors","expanded":true,"children":[]},{"name":"Startup","expanded":true,"children":[]},{"name":"Display","expanded":true,"children":[{"name":"Viewport size","expanded":false,"children":[]}]},{"name":"Advanced","expanded":false,"children":[]},{"name":"Compatibility settings","expanded":false,"children":[]},{"name":"Editor","expanded":true,"children":[]}],"scrollPosition":0},"openTabs":{"active":{"name":"Layout 1","type":"layout"},"open":[{"name":"Layout 1","type":"layout"},{"name":"Event sheet 1","type":"eventSheet"},{"name":"Door2KeyCode layout","type":"layout"},{"name":"Door3KeyCode Sheet","type":"eventSheet"},{"name":"Puzzle2","type":"layout"},{"name":"Puzzle3","type":"layout"},{"name":"Puzzle3 Sheet","type":"eventSheet"},{"name":"Puzzle1 Sheet","type":"eventSheet"},{"name":"Puzzle2 Sheet","type":"eventSheet"},{"name":"Makeyscreen","type":"layout"},{"name":"MakeyEventsheet","type":"eventSheet"},{"name":"puzzle4 sheet","type":"eventSheet"},{"name":"Puzzle4","type":"layout"},{"name":"Door1KeyCode layout","type":"layout"},{"name":"Door1KeyCode Sheet","type":"eventSheet"}]},"previewEffects":true,"previewBrowser":"default","pauseOnUnfocus":false,"projectBar":{"name":"<root>","children":[{"name":"Puzzles","expanded":true,"children":[{"name":"Layouts","expanded":true,"children":[{"name":"Layout 1","expanded":true,"children":[]},{"name":"Door1KeyCode layout","expanded":true,"children":[]},{"name":"Door2KeyCode layout","expanded":true,"children":[]},{"name":"Door3KeyCode layout","expanded":true,"children":[]},{"name":"Puzzle1","expanded":true,"children":[]},{"name":"Puzzle2","expanded":true,"children":[]},{"name":"Puzzle3","expanded":true,"children":[]},{"name":"Puzzle4","expanded":true,"children":[]},{"name":"Makeyscreen","expanded":true,"children":[]},{"name":"PictureClue1","expanded":true,"children":[]},{"name":"PictureClue2","expanded":true,"children":[]},{"name":"pictureclue 3","expanded":true,"children":[]}]},{"name":"Event sheets","expanded":true,"children":[{"name":"Door1KeyCode Sheet","expanded":true,"children":[]},{"name":"Door2KeyCode Sheet","expanded":true,"children":[]},{"name":"Door3KeyCode Sheet","expanded":true,"children":[]},{"name":"Event sheet 1","expanded":true,"children":[]},{"name":"MakeyEventsheet","expanded":true,"children":[]},{"name":"PictureClue Sheet","expanded":true,"children":[]},{"name":"PictureClue Sheet2","expanded":true,"children":[]},{"name":"pictureclue3 sheet","expanded":true,"children":[]},{"name":"Puzzle1 Sheet","expanded":true,"children":[]},{"name":"Puzzle2 Sheet","expanded":true,"children":[]},{"name":"Puzzle3 Sheet","expanded":true,"children":[]},{"name":"puzzle4 sheet","expanded":true,"children":[]}]},{"name":"Scripts","expanded":true,"children":[]},{"name":"Object types","expanded":true,"children":[{"name":"Barrier_Texts","expanded":false,"children":[{"name":"barrier","expanded":true,"children":[]},{"name":"Door1_Unlock","expanded":true,"children":[]},{"name":"Door2_Unlock","expanded":true,"children":[]},{"name":"Door3_Unlock","expanded":true,"children":[]},{"name":"txt_1","expanded":true,"children":[]},{"name":"txt_2","expanded":true,"children":[]},{"name":"txt_3","expanded":true,"children":[]},{"name":"txt_4","expanded":true,"children":[]}]},{"name":"Doors&Interact","expanded":false,"children":[{"name":"Door","expanded":true,"children":[]},{"name":"Door1InteractInside","expanded":true,"children":[]},{"name":"Door1InteractOutside","expanded":true,"children":[]},{"name":"Door2","expanded":true,"children":[]},{"name":"Door2InteractInside","expanded":true,"children":[]},{"name":"Door2InteractOutside","expanded":true,"children":[]},{"name":"Door3","expanded":true,"children":[]},{"name":"Door3InteractInside","expanded":true,"children":[]},{"name":"Door3InteractOutSide","expanded":true,"children":[]},{"name":"Door4","expanded":true,"children":[]},{"name":"Door4InteractInside","expanded":true,"children":[]},{"name":"Door4InteractOutSide","expanded":true,"children":[]},{"name":"MakeyInteractOutSide","expanded":true,"children":[]},{"name":"MakeyMakey","expanded":true,"children":[]},{"name":"Puzzle1Interact","expanded":true,"children":[]},{"name":"Puzzle2Interact","expanded":true,"children":[]},{"name":"Puzzle3Interact","expanded":true,"children":[]}]},{"name":"PuzzlesNotes","expanded":false,"children":[{"name":"PuzzleNote1","expanded":true,"children":[]},{"name":"PuzzleNote2","expanded":true,"children":[]},{"name":"PuzzleNote3","expanded":true,"children":[]}]},{"name":"Tilemaps","expanded":false,"children":[{"name":"Tilemap","expanded":true,"children":[]},{"name":"Tilemap2","expanded":true,"children":[]}]},{"name":"BackOutline","expanded":true,"children":[]},{"name":"Big_X","expanded":true,"children":[]},{"name":"Button","expanded":true,"children":[]},{"name":"clue","expanded":true,"children":[]},{"name":"download","expanded":true,"children":[]},{"name":"Einteract","expanded":true,"children":[]},{"name":"FrontOutline","expanded":true,"children":[]},{"name":"hands","expanded":true,"children":[]},{"name":"indicater","expanded":true,"children":[]},{"name":"Keyboard","expanded":true,"children":[]},{"name":"KeyCode","expanded":true,"children":[]},{"name":"LocalStorage","expanded":true,"children":[]},{"name":"Mouse","expanded":true,"children":[]},{"name":"Player","expanded":true,"children":[]},{"name":"Shapes","expanded":true,"children":[]},{"name":"Sprite","expanded":true,"children":[]},{"name":"Sprite2","expanded":true,"children":[]},{"name":"Sprite3","expanded":true,"children":[]},{"name":"Stool","expanded":true,"children":[]},{"name":"th","expanded":true,"children":[]},{"name":"TiledBackground","expanded":true,"children":[]}]},{"name":"Families","expanded":true,"children":[]},{"name":"Timelines","expanded":true,"children":[{"name":"Eases","expanded":false,"children":[]},{"name":"Timeline 1","expanded":true,"children":[]}]},{"name":"Flowcharts","expanded":true,"children":[]},{"name":"Sounds","expanded":true,"children":[]},{"name":"Music","expanded":true,"children":[]},{"name":"Videos","expanded":true,"children":[]},{"name":"Fonts","expanded":true,"children":[]},{"name":"Icons & screenshots","expanded":false,"children":[{"name":"icon-128.png","expanded":true,"children":[]},{"name":"icon-16.png","expanded":true,"children":[]},{"name":"icon-256.png","expanded":true,"children":[]},{"name":"icon-32.png","expanded":true,"children":[]},{"name":"icon-512.png","expanded":true,"children":[]},{"name":"icon-64.png","expanded":true,"children":[]},{"name":"loading-logo.png","expanded":true,"children":[]}]},{"name":"Files","expanded":true,"children":[]}]}]},"propertiesBarActiveObject":{"name":"Layout 1","type":"layout"},"containers":[{"selectMode":"normal"}]}