[["Tilemap",{"brushes":"[{\"name\":\"Brush 0\",\"type\":\"auto16\",\"data\":[[[{\"index\":0,\"probability\":1}],[{\"index\":33,\"probability\":1}],[{\"index\":3,\"probability\":1}],[{\"index\":36,\"probability\":1}]],[[{\"index\":1,\"probability\":1}],[{\"index\":34,\"probability\":1}],[{\"index\":2,\"probability\":1}],[{\"index\":35,\"probability\":1}]],[[{\"index\":11,\"probability\":1}],[{\"index\":22,\"probability\":1}],[{\"index\":14,\"probability\":1}],[{\"index\":25,\"probability\":1}]],[[{\"index\":12,\"probability\":1}],[{\"index\":23,\"probability\":1}],[{\"index\":13,\"probability\":1}],[{\"index\":24,\"probability\":1}]]]},{\"name\":\"Brush 1\",\"type\":\"auto47\",\"data\":[[[{\"index\":73,\"probability\":1}],[{\"index\":39,\"probability\":1}],[{\"index\":72,\"probability\":1}],[{\"index\":43,\"probability\":1}],[{\"index\":37,\"probability\":1}],[{\"index\":70,\"probability\":1}],[{\"index\":40,\"probability\":1}],[{\"index\":38,\"probability\":1}]],[[{\"index\":71,\"probability\":1}],[{\"index\":41,\"probability\":1}],[{\"index\":42,\"probability\":1}],[{\"index\":5,\"probability\":1}],[{\"index\":51,\"probability\":1}],[{\"index\":62,\"probability\":1}],[{\"index\":50,\"probability\":1}],[{\"index\":61,\"probability\":1}]],[[{\"index\":21,\"probability\":1}],[{\"index\":48,\"probability\":1}],[{\"index\":59,\"probability\":1}],[{\"index\":18,\"probability\":1}],[{\"index\":49,\"probability\":1}],[{\"index\":60,\"probability\":1}],[{\"index\":19,\"probability\":1}],[{\"index\":20,\"probability\":1}]],[[{\"index\":75,\"probability\":1}],[{\"index\":10,\"probability\":1}],[{\"index\":32,\"probability\":1}],[{\"index\":15,\"probability\":1}],[{\"index\":8,\"probability\":1}],[{\"index\":30,\"probability\":1}],[{\"index\":65,\"probability\":1}],[{\"index\":54,\"probability\":1}]],[[{\"index\":4,\"probability\":1}],[{\"index\":7,\"probability\":1}],[{\"index\":29,\"probability\":1}],[{\"index\":17,\"probability\":1}],[{\"index\":9,\"probability\":1}],[{\"index\":31,\"probability\":1}],[{\"index\":52,\"probability\":1}],[{\"index\":63,\"probability\":1}]],[[{\"index\":6,\"probability\":1}],[{\"index\":27,\"probability\":1}],[{\"index\":53,\"probability\":1}],[{\"index\":26,\"probability\":1}],[{\"index\":28,\"probability\":1}],[{\"index\":64,\"probability\":1}],[{\"index\":16,\"probability\":1}],null]]}]"}],["Tilemap2",{"brushes":"[{\"name\":\"Brush 0\",\"type\":\"auto47\",\"data\":[[null,null,null,null,null,null,null,null],[null,null,null,null,null,null,null,null],[null,null,null,null,null,null,null,null],[null,null,null,null,null,null,null,null],[null,null,null,null,null,null,null,null],[null,null,null,null,null,null,null,null]]},{\"name\":\"Brush 1\",\"type\":\"auto47\",\"data\":[[[{\"index\":73,\"probability\":1}],[{\"index\":39,\"probability\":1}],[{\"index\":72,\"probability\":1}],[{\"index\":43,\"probability\":1}],[{\"index\":37,\"probability\":1}],[{\"index\":70,\"probability\":1}],[{\"index\":40,\"probability\":1}],[{\"index\":38,\"probability\":1}]],[[{\"index\":71,\"probability\":1}],[{\"index\":41,\"probability\":1}],[{\"index\":42,\"probability\":1}],[{\"index\":5,\"probability\":1}],[{\"index\":51,\"probability\":1}],[{\"index\":62,\"probability\":1}],[{\"index\":50,\"probability\":1}],[{\"index\":61,\"probability\":1}]],[[{\"index\":21,\"probability\":1}],[{\"index\":48,\"probability\":1}],[{\"index\":59,\"probability\":1}],[{\"index\":18,\"probability\":1}],[{\"index\":49,\"probability\":1}],[{\"index\":60,\"probability\":1}],[{\"index\":19,\"probability\":1}],[{\"index\":20,\"probability\":1}]],[[{\"index\":75,\"probability\":1}],[{\"index\":10,\"probability\":1}],[{\"index\":32,\"probability\":1}],[{\"index\":15,\"probability\":1}],[{\"index\":8,\"probability\":1}],[{\"index\":30,\"probability\":1}],[{\"index\":65,\"probability\":1}],[{\"index\":54,\"probability\":1}]],[[{\"index\":4,\"probability\":1}],[{\"index\":7,\"probability\":1}],[{\"index\":29,\"probability\":1}],[{\"index\":17,\"probability\":1}],[{\"index\":9,\"probability\":1}],[{\"index\":31,\"probability\":1}],[{\"index\":52,\"probability\":1}],[{\"index\":63,\"probability\":1}]],[[{\"index\":6,\"probability\":1}],[{\"index\":27,\"probability\":1}],[{\"index\":53,\"probability\":1}],[{\"index\":26,\"probability\":1}],[{\"index\":28,\"probability\":1}],[{\"index\":64,\"probability\":1}],[{\"index\":16,\"probability\":1}],null]]}]"}],["Player",{"animations":"{\"expanded\":true,\"subfolders\":[]}"}],["Puzzle1Interact",{"animations":"{\"expanded\":true,\"subfolders\":[]}"}],["FrontOutline",{"animations":"{\"expanded\":true,\"subfolders\":[]}"}],["BackOutline",{"animations":"{\"expanded\":true,\"subfolders\":[]}"}],["Door",{"animations":"{\"expanded\":true,\"subfolders\":[]}"}],["Einteract",{"animations":"{\"expanded\":true,\"subfolders\":[]}"}],["Door1InteractOutside",{"animations":"{\"expanded\":true,\"subfolders\":[]}"}],["KeyCode",{"animations":"{\"expanded\":true,\"subfolders\":[]}"}],["Door2",{"animations":"{\"expanded\":true,\"subfolders\":[]}"}],["Door3",{"animations":"{\"expanded\":true,\"subfolders\":[]}"}],["Door2InteractOutside",{"animations":"{\"expanded\":true,\"subfolders\":[]}"}],["Door3InteractOutSide",{"animations":"{\"expanded\":true,\"subfolders\":[]}"}],["PuzzleNote1",{"animations":"{\"expanded\":true,\"subfolders\":[]}"}],["indicater",{"animations":"{\"expanded\":true,\"subfolders\":[]}"}],["barrier",{"animations":"{\"expanded\":true,\"subfolders\":[]}"}],["Door1InteractInside",{"animations":"{\"expanded\":true,\"subfolders\":[]}"}],["Door2InteractInside",{"animations":"{\"expanded\":true,\"subfolders\":[]}"}],["Door3InteractInside",{"animations":"{\"expanded\":true,\"subfolders\":[]}"}],["PuzzleNote2",{"animations":"{\"expanded\":true,\"subfolders\":[]}"}],["Shapes",{"animations":"{\"expanded\":true,\"subfolders\":[]}"}],["PuzzleNote3",{"animations":"{\"expanded\":true,\"subfolders\":[]}"}],["Door4",{"animations":"{\"expanded\":true,\"subfolders\":[]}"}],["MakeyMakey",{"animations":"{\"expanded\":true,\"subfolders\":[]}"}],["hands",{"animations":"{\"expanded\":true,\"subfolders\":[]}"}],["Sprite",{"animations":"{\"expanded\":true,\"subfolders\":[]}"}],["Big_X",{"animations":"{\"expanded\":true,\"subfolders\":[]}"}],["Button",{"animations":"{\"expanded\":true,\"subfolders\":[]}"}],["Stool",{"animations":"{\"expanded\":true,\"subfolders\":[]}"}],["Puzzle2Interact",{"animations":"{\"expanded\":true,\"subfolders\":[]}"}],["Sprite2",{"animations":"{\"expanded\":true,\"subfolders\":[]}"}],["Sprite3",{"animations":"{\"expanded\":true,\"subfolders\":[]}"}],["Puzzle3Interact",{"animations":"{\"expanded\":true,\"subfolders\":[]}"}],["PuzzleNote4",{"animations":"{\"expanded\":true,\"subfolders\":[]}"}]]